﻿<parameters>
  <parameter name="IIS Web Application Name" defaultValue="monpaquet" tags="IisApp">
    <parameterEntry kind="ProviderPath" scope="IisApp" match="^C:\\Users\\Vinzz\\Source\\Repos\\PrepaMeetup3\\FabrikamFiber\\FabrikamFiber\.Web\\obj\\Release\\Package\\PackageTmp$" />
    <parameterEntry kind="ProviderPath" scope="setAcl" match="^C:\\Users\\Vinzz\\Source\\Repos\\PrepaMeetup3\\FabrikamFiber\\FabrikamFiber\.Web\\obj\\Release\\Package\\PackageTmp$" />
  </parameter>
  <parameter name="FabrikamFiber-DataWarehouse-Web.config Connection String" defaultValue="Data Source=(LocalDB)\MSSQLLocalDB;AttachDbFilename=|DataDirectory|\FabrikamFiber.mdf;Integrated Security=True">
    <parameterEntry kind="XmlFile" scope="C:\\Users\\Vinzz\\Source\\Repos\\PrepaMeetup3\\FabrikamFiber\\FabrikamFiber\.Web\\obj\\Release\\Package\\PackageTmp\\Web\.config$" match="/configuration/connectionStrings/add[@name='FabrikamFiber-DataWarehouse']/@connectionString" />
  </parameter>
  <parameter name="FabrikamFiber-Express-Web.config Connection String" defaultValue="Data Source=(LocalDB)\MSSQLLocalDB;AttachDbFilename=|DataDirectory|\FabrikamFiber.mdf;Integrated Security=True">
    <parameterEntry kind="XmlFile" scope="C:\\Users\\Vinzz\\Source\\Repos\\PrepaMeetup3\\FabrikamFiber\\FabrikamFiber\.Web\\obj\\Release\\Package\\PackageTmp\\Web\.config$" match="/configuration/connectionStrings/add[@name='FabrikamFiber-Express']/@connectionString" />
  </parameter>
</parameters>